clone_id	subject	v_gene	j_gene	functional	insertions	deletions	cdr3_nt	cdr3_num_nts	cdr3_aa	uniques	instances	copies	germline	parent_id	avg_v_identity	top_copy_seq	replicate_name	copies_fraction	copies_percent	shm	clones	METADATA_subject	METADATA_biological_sample	METADATA_disease	rank
18161903	HPAP041	IGHV3-23|3-23D	IGHJ4	T			TGTGCGAAAGGTTCTAGCAGCAGCAGGCCGTACTACTTTGACTACTGG	48	CAKGSSSSRPYYFDYW	67	71	361	GAGGTGCAGCTGTTGGAGTCTGGGGGA---GGCTTGGTACAGCCTGGGGGGTCCCTGAGACTCTCCTGTGCAGCCTCTGGATTCACCTTT------------AGCAGCTATGCCATGAGCTGGGTCCGCCAGGCTCCAGGGAAGGGGCTGGAGTGGGTCTCAGCTATTAGTGGTAGT------GGTGGTAGCACATACTACGCAGACTCCGTGAAG---GGCCGGTTCACCATCTCCAGAGACAATTCCAAGAACACGCTGTATCTGCAAATGAACAGCCTGAGAGCCGAGGACACGGCCGTATATTAC------------------------------------------------GGCCAGGGAACCCTGGTCACCGTCTCCTCAG		0.928	NNNNNNNNNNNNNNNNNNNNNNNNNNN---NNNNNNNNNNNNNNNNNNNNNNNNNNNNNNNNNNNNNNNNNNNNNNNNNNATTCACCTTT------------AGCGACTATGCCATGAGCTGGGTCCGCCAGAGTCCAAGGAAGGGACTGGACTGGGTCTCAGCAATTACTGGTAGT------GGTGGTGATACATACCACGCAGACTCCGTGAAG---GGCCGGTTCACCATCTCCAGAGACAATTCGAAGANCACGCTGTANCTACAAATGGACAGCCTGAGAGCCGAGGACACGGCCGTATATTACTGTGCGAAAGGTTCTAGCAACAGCAGGCCGTACTACTTTGACTACTGGGGCCAGGGNATCCTGGTCACCGTCTCCTCAG	HPAP041_rep1	0.0025453724986955846	0.18840254473908075	7.199999999999996	1	HPAP041	HPAP041	T1D	1
18172023	HPAP041	IGHV6-1	IGHJ4	T			TGTGCAAGAGAGGGGATTAACTACTTTGACCACTGG	36	CAREGINYFDHW	11	14	93	CAGGTACAGCTGCAGCAGTCAGGTCCA---GGACTGGTGAAGCCCTCGCAGACCCTCTCACTCACCTGTGCCATCTCCGGGGACAGTGTCTCT------AGCAACAGTGCTGCTTGGAACTGGATCAGGCAGTCCCCATCGAGAGGCCTTGAGTGGCTGGGAAGGACATACTACAGGTCC---AAGTGGTATAATGATTATGCAGTATCTGTGAAA---AGTCGAATAACCATCAACCCAGACACATCCAAGAACCAGTTCTCCCTGCAGCTGAACTCTGTGACTCCCGAGGACACGGCTGTGTATTAC------------------------------------GGCCAGGGAACCCTGGTCACCGTCTCCTCAG		0.9677	NNNNNNNNNNNNNNNNNNNNNNNNNNN---NNNNNNNNNNNNNNNNNNNNNNNNNNNNNNNNNNNNNNNNNNNNNNNNNNGGACAGTGTCTCT------ACCAACAGTGCTGCTTGGAACTGGATCAGGCAGTCCCCATCGAGAGGCCTTGAGTGGCTGGGAAGGACATACTACAGGTCC---AAGTGGTATTTTGGATATGCAATATCTGTGAAA---AGTCGAATAACCATCCACCCAGACACATCCAAGAACCAGTTCTCCCTGCAGCTGAACTCTGTGACTCCCGACGACACGGCTGTGTATTACTGTGCAAGAGAGGGGATTAACTACTTTGACCACTGGGGCCAGGGAAGCCTGGTCACCGTCTCCTCAG	HPAP041_rep1	0.000655733081381411	0.04853583562530335	3.2299999999999995	1	HPAP041	HPAP041	T1D	2
18156189	HPAP041	IGHV1-58	IGHJ4	T			TGTGCGGCAGAGACATACAGCAGCGGCTGTTGCCACTTTGACTACTGG	48	CAAETYSSGCCHFDYW	6	10	85	CAAATGCAGCTGGTGCAGTCTGGGCCT---GAGGTGAAGAAGCCTGGGACCTCAGTGAAGGTCTCCTGCAAGGCTTCTGGATTCACCTTT------------ACTAGCTCTGCTGTGCAGTGGGTGCGACAGGCTCGTGGACAACGCCTTGAGTGGATAGGATGGATCGTCGTTGGC------AGTGGTAACACAAACTACGCACAGAAGTTCCAG---GAAAGAGTCACCATTACCAGGGACATGTCCACAAGCACAGCCTACATGGAGCTGAGCAGCCTGAGATCCGAGGACACGGCCGTGTATTAC------------------------------------------------GGCCAGGGAACCCTGGTCACCGTCTCCTCAG		0.9019	NNNNNNNNNNNNNNNNNNNNNNNNNNN---NNNNNNNNNNNNNNNNNNNNNNNNNNNNNNNNNNNNNNNNNNNNNNNNNNATTCAGCTTT------------AGGAGTTCTGCTGTACAGTGGGTGCGACAGGCTCGTGGACAAGGGCTTGAGTGGATAGGATGGATCACCGTTGGC------GGTAGTGAAACAAAGTACGCACAGAAGCTCCAG---GAAAGAGTCACCATTAGCAGGGACGACTCCACAAGCACAGCCTACATGGAACTGAGCAGCCTGGGATCCGAGGACACGGCCGTCTATTACTGTGCGGCAGAGACNTACAGCAGCGGCNGTTGCCNCTTTGACTACTGGGGCCCGGGAACCCTGGTCACCGTCTCCTCAG	HPAP041_rep1	0.0005993259345959133	0.044360709980115966	9.809999999999997	1	HPAP041	HPAP041	T1D	3
18167124	HPAP041	IGHV4-34	IGHJ4	T			TGTTCAAATATGATTCGGGGAATTGACTACTGG	33	CSNMIRGIDYW	4	5	80	CAGGTGCAGCTACAGCAGTGGGGCGCA---GGACTGTTGAAGCCTTCGGAGACCCTGTCCCTCACCTGCGCTGTCTATGGTGGGTCCTTC------------AGTGGTTACTACTGGAGCTGGATCCGCCAGCCCCCAGGGAAGGGGCTGGAGTGGATTGGGGAAATCAATCATAGT---------GGAAGCACCAACTACAACCCGTCCCTCAAG---AGTCGAGTCACCATATCAGTAGACACGTCCAAGAACCAGTTCTCCCTGAAGCTGAGCTCTGTGACCGCCGCGGACACGGCTGTGTATTAC---------------------------------GGCCAAGGAACCCTGGTCACCGTCTCCTCAG		0.9033	NNNNNNNNNNNNNNNNNNNNNNNNNNN---NNNNNNNNNNNNNNNNNNNNNNNNNNNNNNNNNNNNNNNNNNNNNNNNNNTCGGTCCTNN------------AGTGATTACTCCTGGAACTGGATCCGCCAGCCCCCAGGGAAGGGGCTGGAGTGNATTGGACAAATCGATCAGAAT---------GGAAGAACCAACTATAACCCGTCNCTCAGG---AGTCGAGTCACCATATCGGCAGACACGTCCAACAACCAGTTCTCCCTTAAGGTGACCTCTATGACCGCCGCGGACACGGCTGTCTATNACTGTTCAAATATGATTCGGGGAATTGACTACTGGGGCCTCGGAGCCCTGGTCACCGTCTCCTCAG	HPAP041_rep1	0.0005640714678549772	0.04175125645187385	9.670000000000002	1	HPAP041	HPAP041	T1D	4
18167063	HPAP041	IGHV4-34	IGHJ4	F			TGACTACTGG	10	*LL	3	7	78	CAGGTGCAGCTACAGCAGTGGGGCGCA---GGACTGTTGAAGCCTTCGGAGACCCTGTCCCTCACCTGCGCTGTCTATGGTGGGTCCTTC------------AGTGGTTACTACTGGAGCTGGATCCGCCAGCCCCCAGGGAAGGGGCTGGAGTGGATTGGGGAAATCAACCATAGT---------GGAAGCACCAACTACAACCCGTCCCTCAAG---AGTCGAGTCACCATATCAGTAGACACGTCCAAGAACCAGTTCTCCCTGAAGCTGAGCTCTGTGACCGCCGCNNNNNNNNNNNTAATAGTT----------GGCCAGGGAACCCTGGTCACCGTCTCCTCAG		0.8992	NNNNNNNNNNNNNNNNNNNNNNNNNNN---NNNNNNNNNNNNNNNNNNNNNNNNNNNNNNNNNNNNNNNNNNNNNNNNNNTGGGTCTTTC------------AGTGGTTAGTATTGGAGGTGGATCCGCCAGCCCCCAGGAAAGGGGCTGGCGTGGATTGGGAAAATCAACCATAGT---------AGAAGCACCAACTACAGTCCGTCCCTCAAG---AGTCGAATCACCATCTCAGTAGACATGTCCAAGAATCGCTTCTCCCTGAAGCTGAACTCTGTGACCGCCGCCAACGCCGTCTTAATAGTTTGACTACTGGGGCCAGGGAATCCTGGTCACCGTCTCCTCAG	HPAP041_rep1	0.0005499696811586028	0.040707475040577	10.08	1	HPAP041	HPAP041	T1D	5
16668985	HPAP010	IGHV6-1	IGHJ4	F			TGTGCAAGACGTCACATATAACTGGAACCTTTGATCTTCCTCTTTGACTACTGG	54	CARRHI*LEPLIFLFDYW	9	24	77	CAGGTACAGCTGCAGCAGTCAGGTCCA---GGACTGGTGAAGCCCTCGCAGACCCTCTCACTCACCTGTGCCATCTCCGGGGACAGTGTCTCT------AGCAACAGTGCTGCTTGGAACTGGATCAGGCAGTCCCCATCGAGAGGCCTTGAGTGGCTGGGAAGGACATACTACAGGTCC---AAGTGGTATAATGATTATGCAGTATCTGTGAAA---AGTCGAATAACCATCAACCCAGACACATCCAAGAACCAGTTCTCCCTGCAGCTGAACTCTGTGACTCCCGAGGACACGGCTGTGTATTAC------------------------------------------------------GGCCAGGGAACCCTGGTCACCGTCTCCTCAG		0.9524	NNNNNNNNNNNNNNNNNNNNNNNNNNN---NNNNNNNNNNNNNNNNNNNNNNNNNNNNNNNNNNNNNNNNNNNNNNNNNNGGACAGTGTCTCT------AGCAACAGTGCTGCTTGGAACTATATCAGGCAGTCCCCATTGGGAGGCCTTGAGTGGCGGGGAAGGACATACTATAGGTCC---AAGTGGTCTAGTGATTATGCAGTATCTGTGACA---AGTCGAAGAACCTTCAACCCAGACACACCCAAGAACCAGTTCTCCCTGCAGCTGAACTCTGTGACTCCCGAGGACACGGCTGTCTATTACTGTGCAAGACGTCACATATAACTGGAACCTTTGATCTTCCTCTTTGACTACTGGGGCCAGGGAACCCTGGTCACCGTCTCCTCAG	HPAP010_rep1	0.001546650597569549	0.04018558433492858	4.759999999999998	1	HPAP010	HPAP010	HC	6
18158202	HPAP041	IGHV3-13	IGHJ3	T			TGTGCAAGACTTTCTTCGGCTTCTTTTGATATCTGG	36	CARLSSASFDIW	5	9	77	GAGGTGCAGCTGGTGGAGTCTGGGGGA---GGCTTGGTACAGCCTGGGGGGTCCCTGAGACTCTCCTGTGCAGCCTCTGGATTCACCTTC------------AGTAGCTACGACATGCACTGGGTCCGCCAAGCTACAGGAAAAGGTCTGGAATGGGTCTCAGCTATTGGTACTGCT---------GGTGACACATACTATCCAGGCTCCGTGAAG---GGCCGATTCACCATCTCCAGAGAAAATGCCAAGAACTCCTTGTATCTTCAAATGAACAGCCTGAGAGCCGGGGACACGGCTGTGTATTAC------------------------------------GGCCAAGGGACAATGGTCACCGTCTCTTCAG		0.9911	NNNNNNNNNNNNNNNNNNNNNNNNNNN---NNNNNNNNNNNNNNNNNNNNNNNNNNNNNNNNNNNNNNNNNNNNNNNNNNATTCACCTTC------------AGTAGGTCCGACATGCACTGGGTCCGCCAAGCTACAGGAAAAGGTCTGGAATGGGTCTCAGCTATTGGTACTGCT---------GGTGACACATACTATCNAGGCTCCGTGAAG---GGCCGATTCACCATCTCCAGAGAAAATGCCAAGAACTCCTTGTATCTTCAAATGAACAGCCTGAGAGCCGGGGACACGGCTGNGTATTACTGTGCAAGACTTTCTTCGGCTTCTTTTGATATCTGGGGCCAAGGGACAATGGTCACCGTCTCCTCAG	HPAP041_rep1	0.0005429187878104156	0.04018558433492858	0.8900000000000019	1	HPAP041	HPAP041	T1D	7
18154037	HPAP041	IGHV1-18	IGHJ4	T			TGTGTGAGGGATAGCCAACAGCACTTTGACTACTGG	36	CVRDSQQHFDYW	3	5	76	CAGGTTCAGCTGGTGCAGTCTGGAGCT---GAGGTGAAGAAGCCTGGGGCCTCAGTGAAGGTCTCCTGCAAGGCTTCTGGTTACACCTTT------------ACCAGCTATGGTATCAGCTGGGTGCGACAGGCCCCTGGACAAGGGCTTGAGTGGATGGGATGGATCAGCGCTTAC------AATGGTAACACAAACTATGCACAGAAGCTCCAG---GGCAGAGTCACCATGACCACAGACACATCCACGAGCACAGCCTACATGGAGCTGAGGAGCCTGAGATCTGACGACACGGCCGTGTATTAC------------------------------------GGCCAGGGAACCCTGGTCACCGTCTCCTCAG		0.9242	NNNNNNNNNNNNNNNNNNNNNNNNNNN---NNNNNNNNNNNNNNNNNNNNNNNNNNNNNNNNNNNNNNNNNNNNNNNNNNTTACNCCTTT------------TCCAGTCTTGGTCTCAGTTGGGTGCGACAGGCCCCTGGACAAGGGCTTGAGTGGATGGGATGGATCAGCACTTAC------AATGGTAACACAGACTATGCACAGAAGTTCCAG---GGCAGAGTCACCTTGACTAAAGACTCATCCACGACCACAGTCCACATGGAGCTGAGGAGCNTGAGATCGGACGACACGGCCGTGTATTACTGTGTGAGGGATAGCCAACAGCACTTTGACTACTGGGGCCAGGGAACCCTGGTCACCNTCTCCTCAG	HPAP041_rep1	0.0005358678944622283	0.039663693629280156	7.579999999999998	1	HPAP041	HPAP041	T1D	8
18155182	HPAP041	IGHV1-2	IGHJ5	T			TGTGCGAGGTGGCAAACAGACGATCTTATTGAAAGGTACGACTCCTGG	48	CARWQTDDLIERYDSW	4	6	71	CAGGTGCAGCTGGTGCAGTCTGGGGCT---GAGGTGAAGAAGCCTGGGGCCTCAGTGAAGGTCTCCTGCAAGGCTTCTGGATACACCTTC------------ACCGGCTACTATATGCACTGGGTGCGACAGGCCCCTGGACAAGGGCTTGAGTGGATGGGATGGATCAACCCTAAC------AGTGGTGGCACAAACTATGCACAGAAGTTTCAG---GGCAGGGTCACCATGACCAGGGACACGTCCATCAGCACAGCCTACATGGAGCTGAGCAGGCTGAGATCTGACGACACGGCCGTGTATTAC------------------------------------------------GGCCAAGGAACCCTGGTCACCGTCTCCTCAG		0.9452	NNNNNNNNNNNNNNNNNNNNNNNNNNN---NNNNNNNNNNNNNNNNNNNNNNNNNNNNNNNNNNNNNNNNNNNNNNNNNNATACAGCTTC------------ACCGACTACTATATCCACTGGGTGCGACAGACCCCTGGACAAGGGCTTGAGTGGATGGGATGGATCAACACTAAC------AGTGGTGGCACAAACTATGAACAGAAGTTTCAG---GGCCGGGTCACCATGACCAGGGACACATCCATCAGTACAGCCTACATGGAGCTGAGCAGTCTGAGATCTGACGACACGGCCGTGTACTTCTGTGCGAGGTGGCAAACAGACGATCTTATTGAAAGGTACGACTCCTGGGGCCAGGGCACCCTGGTCACCGTCTCCTCAG	HPAP041_rep1	0.0005006134277212923	0.03705424010103804	5.479999999999996	1	HPAP041	HPAP041	T1D	9
18169763	HPAP041	IGHV4-59	IGHJ4	T			TGTGCGAGGGCAAACTACTTTGACTACTGG	30	CARANYFDYW	14	18	71	CAGGTGCAGCTGCAGGAGTCGGGCCCA---GGACTGGTGAAGCCTTCGGAGACCCTGTCCCTCACCTGCACTGTCTCTGGTGGCTCCATC------------AGTAGTTACTACTGGAGCTGGATCCGGCAGCCCCCAGGGAAGGGACTGGAGTGGATTGGGTATATCTATTACAGT---------GGGAGCACCAACTACAACCCCTCCCTCAAG---AGTCGAGTCACCATATCAGTAGACACGTCCAAGAACCAGTTCTCCCTGAAGCTGAGCTCTGTGACCGCTGCGGACACGGCCGTGTATTAC------------------------------GGCCAGGGAACCCTGGTCACCGTCTCCTCAG		0.9559	NNNNNNNNNNNNNNNNNNNNNNNNNNN---NNNNNNNNNNNNNNNNNNNNNNNNNNNNNNNNNNNNNNNNNNNNNNNNNNTGGCTCCATC------------AGGAATCACTACTGGAGCTGGATCCGGCAGCCCCCAGGGAAGAGACTGGAATGGATTGGGGATATCTATTACAGC---------GGGAGCACCAATTACAACCCCTCCCTCAAG---AGCCGAGTCACCATATCAGTAGACAGGTCCAAGAACCANTTCTCCCTGAGGCTGGCCTCTGTGACCGCTGCTGACACGGCCGTTTATTACTGTGCGAGGGCAAACTACTTTGACTACTGGGGCCAGGGAGCCCTGGTCACCGTCTCCTCAG	HPAP041_rep1	0.0005006134277212923	0.03705424010103804	4.410000000000003	1	HPAP041	HPAP041	T1D	10
