clone_id	subject	v_gene	j_gene	functional	insertions	deletions	cdr3_nt	cdr3_num_nts	cdr3_aa	uniques	instances	copies	germline	parent_id	avg_v_identity	top_copy_seq	replicate_name	copies_fraction	copies_percent	shm	clones	METADATA_subject	METADATA_biological_sample	METADATA_disease	rank
16668985	HPAP010	IGHV6-1	IGHJ4	F			TGTGCAAGACGTCACATATAACTGGAACCTTTGATCTTCCTCTTTGACTACTGG	54	CARRHI*LEPLIFLFDYW	9	24	77	CAGGTACAGCTGCAGCAGTCAGGTCCA---GGACTGGTGAAGCCCTCGCAGACCCTCTCACTCACCTGTGCCATCTCCGGGGACAGTGTCTCT------AGCAACAGTGCTGCTTGGAACTGGATCAGGCAGTCCCCATCGAGAGGCCTTGAGTGGCTGGGAAGGACATACTACAGGTCC---AAGTGGTATAATGATTATGCAGTATCTGTGAAA---AGTCGAATAACCATCAACCCAGACACATCCAAGAACCAGTTCTCCCTGCAGCTGAACTCTGTGACTCCCGAGGACACGGCTGTGTATTAC------------------------------------------------------GGCCAGGGAACCCTGGTCACCGTCTCCTCAG		0.9524	NNNNNNNNNNNNNNNNNNNNNNNNNNN---NNNNNNNNNNNNNNNNNNNNNNNNNNNNNNNNNNNNNNNNNNNNNNNNNNGGACAGTGTCTCT------AGCAACAGTGCTGCTTGGAACTATATCAGGCAGTCCCCATTGGGAGGCCTTGAGTGGCGGGGAAGGACATACTATAGGTCC---AAGTGGTCTAGTGATTATGCAGTATCTGTGACA---AGTCGAAGAACCTTCAACCCAGACACACCCAAGAACCAGTTCTCCCTGCAGCTGAACTCTGTGACTCCCGAGGACACGGCTGTCTATTACTGTGCAAGACGTCACATATAACTGGAACCTTTGATCTTCCTCTTTGACTACTGGGGCCAGGGAACCCTGGTCACCGTCTCCTCAG	HPAP010_rep1	0.001546650597569549	0.04018558433492858	4.759999999999998	1	HPAP010	HPAP010	HC	6
18154037	HPAP041	IGHV1-18	IGHJ4	T			TGTGTGAGGGATAGCCAACAGCACTTTGACTACTGG	36	CVRDSQQHFDYW	3	5	76	CAGGTTCAGCTGGTGCAGTCTGGAGCT---GAGGTGAAGAAGCCTGGGGCCTCAGTGAAGGTCTCCTGCAAGGCTTCTGGTTACACCTTT------------ACCAGCTATGGTATCAGCTGGGTGCGACAGGCCCCTGGACAAGGGCTTGAGTGGATGGGATGGATCAGCGCTTAC------AATGGTAACACAAACTATGCACAGAAGCTCCAG---GGCAGAGTCACCATGACCACAGACACATCCACGAGCACAGCCTACATGGAGCTGAGGAGCCTGAGATCTGACGACACGGCCGTGTATTAC------------------------------------GGCCAGGGAACCCTGGTCACCGTCTCCTCAG		0.9242	NNNNNNNNNNNNNNNNNNNNNNNNNNN---NNNNNNNNNNNNNNNNNNNNNNNNNNNNNNNNNNNNNNNNNNNNNNNNNNTTACNCCTTT------------TCCAGTCTTGGTCTCAGTTGGGTGCGACAGGCCCCTGGACAAGGGCTTGAGTGGATGGGATGGATCAGCACTTAC------AATGGTAACACAGACTATGCACAGAAGTTCCAG---GGCAGAGTCACCTTGACTAAAGACTCATCCACGACCACAGTCCACATGGAGCTGAGGAGCNTGAGATCGGACGACACGGCCGTGTATTACTGTGTGAGGGATAGCCAACAGCACTTTGACTACTGGGGCCAGGGAACCCTGGTCACCNTCTCCTCAG	HPAP041_rep1	0.0005358678944622283	0.039663693629280156	7.579999999999998	1	HPAP041	HPAP041	T1D	8
18154339	HPAP041	IGHV1-18	IGHJ5	T			TGTGTGGTGGTAGCTGCTACTCCGGCCCGTTGGTTCGACCCCTGG	45	CVVVAATPARWFDPW	5	6	64	CAGGTTCAGCTGGTGCAGTCTGGAGCT---GAGGTGAAGAAGCCTGGGGCCTCAGTGAAGGTCTCCTGCAAGGCTTCTGGTTACACCTTT------------ACCAGCTATGGTATCAGCTGGGTGCGACAGGCCCCTGGACAAGGGCTTGAGTGGATGGGATGGATCAGCGCTTAC------AATGGTAACACAAACTATGCACAGAAGCTCCAG---GGCAGAGTCACCATGACCACAGACACATCCACGAGCACAGCCTACATGGAGCTGAGGAGCCTGAGATCTGACGACACGGCCGTGTATTAC---------------------------------------------GGCCAGGGAACCCTGGTCACCGTCTCCTCAG		0.9987	NNNNNNNNNNNNNNNNNNNNNNNNNNN---NNNNNNNNNNNNNNNNNNNNNNNNNNNNNNNNNNNNNNNNNNNNNNNNNNTTACACCTTT------------NCCAGCTATGGTATCAGCTGGGTGCGACAGGCCCCTGGACAANGGCTTGAGTGGATGGGATGGATCAGCGCTTAC------AATGGTAACACAAACTATGCACAGAAGCTCCAG---GGCAGAGTCACCATGACCACAGACACATCCACGAGCACAGCCTACATGGAGCTGAGGAGCCTGAGANCTGACGACACGGCCGTGTATTACTGTGTGGTGGTAGCTGCTNCTCCGGCCCGTTGGTTCGACCCCTGGGGCCNGGGAACCCTGGTCACCGTCTCCTCAG	HPAP041_rep1	0.00045125717428398177	0.033401005161499076	0.12999999999999678	1	HPAP041	HPAP041	T1D	15
18154666	HPAP041	IGHV1-2	IGHJ4	F			TGTGCGAGATCGTCAGACGATCTTAGACTACTGG	34	CARSSDDLRLL	7	9	64	CAGGTGCAGCTGGTGCAGTCTGGGGCT---GAGGTGAAGAAGCCTGGGGCCTCAGTGAAGGTCTCCTGCAAGGCTTCTGGATACACCTTC------------ACCGGCTACTATATGCACTGGGTGCGACAGGCCCCTGGACAAGGGCTTGAGTGGATGGGATGGATCAACCCTAAC------AGTGGTGGCACAAACTATGCACAGAAGTTTCAG---GGCAGGGTCACCATGACCAGGGACACGTCCATCAGCACAGCCTACATGGAGCTGAGCAGGCTGAGATCTGACGACACGGCCGTGTATTAC----------------------------------GGCCAGGGAACCCTGGTCACCGTCTCCTCAG		0.996	NNNNNNNNNNNNNNNNNNNNNNNNNNN---NNNNNNNNNNNNNNNNNNNNNNNNNNNNNNNNNNNNNNNNNNNNNNNNNNATACACCTTC------------ACCGGCTACTATATGCACTGGGTGCGACAGGCCCCTGGACAAGGGCTTGAGTGGATGGGATGGATCAACCCTAAC------AGTGGTGGCACAAACTATGCACAGAAGTTTCAG---GGCAGGGTCACCATGACCAGGGACACGTCCATCAGCACAGCCTACATGGAGCTGAGCAGGCTGAGATCTGACGACACGGCCGTGTATTACTGNNCGAGATCGTCAGACGATCNTAGACTACTGGGGCCAGGGAACCCTGGTCNNCGNCTCCTCAG	HPAP041_rep1	0.00045125717428398177	0.033401005161499076	0.40000000000000036	1	HPAP041	HPAP041	T1D	16
18154733	HPAP041	IGHV1-2	IGHJ4	T			TGTGCGACAATAGCAGTGGCGTGGGGGGTTGACTACTGG	39	CATIAVAWGVDYW	5	6	66	CAGGTGCAGCTGGTGCAGTCTGGGGCT---GAGGTGAAGAAGCCTGGGGCCTCAGTGAAGGTCTCCTGCAAGGCTTCTGGATACACCTTC------------ACCGGCTACTATATGCACTGGGTGCGACAGGCCCCTGGACAAGGGCTTGAGTGGATGGGATGGATCAACCCTAAC------AGTGGTGGCACAAACTATGCACAGAAGTTTCAG---GGCAGGGTCACCATGACCAGGGACACGTCCATCAGCACAGCCTACATGGAGCTGAGCAGGCTGAGATCTGACGACACGGCCGTGTATTAC---------------------------------------GGCCAGGGAACCCTGGTCACCGTCTCCTCAG		0.9981	NNNNNNNNNNNNNNNNNNNNNNNNNNN---NNNNNNNNNNNNNNNNNNNNNNNNNNNNNNNNNNNNNNNNNNNNNNNNNNATACACCTTC------------ACCGGCTACNATATGCACTGGGTGCGACAGGCCCCTGGACAAGGGCTTGAGTGGATGGGATGGATCAACCCTAAC------AGTGGTGGCACAAACTATGCACAGAAGTTTCAG---GGCAGGGTCACCATGACCAGGGACNNNTCCATCAGCACAGCCTACATGGANCTGAGCAGGCTGNGATCTGACGACACGGCCGTGTATTACTGTGCNACAATAGCAGTGGCGTGGGGGGTTGACTACTGGGGCCAGGGAACCCTGGNNACCGTCTCCTCAG	HPAP041_rep1	0.0004653589609803562	0.03444478657279593	0.19000000000000128	1	HPAP041	HPAP041	T1D	11
18155016	HPAP041	IGHV1-2	IGHJ4	T			TGTGTTAGAGATGCGCATGCCAGTGGCTGGATTGAGTACTGG	42	CVRDAHASGWIEYW	8	9	61	CAGGTGCAGCTGGTGCAGTCTGGGGCT---GAGGTGAAGAAGCCTGGGGCCTCAGTGAAGGTCTCCTGCAAGGCTTCTGGATACACCTTC------------ACCGGCTACTATATGCACTGGGTGCGACAGGCCCCTGGACAAGGGCTTGAGTGGATGGGATGGATCAACCCTAAC------AGTGGTGGCACAAACTATGCACAGAAGTTTCAG---GGCAGGGTCACCATGACCAGGGACACGTCCATCAGCACAGCCTACATGGAGCTGAGCAGGCTGAGATCTGACGACACGGCCGTGTATTAC------------------------------------------GGCCAAGGAACCCTGGTCACCGTCTCCTCAG		0.9612	NNNNNNNNNNNNNNNNNNNNNNNNNNN---NNNNNNNNNNNNNNNNNNNNNNNNNNNNNNNNNNNNNNNNNNNNNNNNNNATACATCTTC------------AGCGACTACTATATGCACTGGGTGCGACAGGCCCCTGGACAAGGGCTTGAGTGGATGGGATGGATCAACCCTAAC------AGTGGTGGCGCAAAGTATGCACAGAAGTTTCAG---GGCAGGGTCACCATGACCAGGGACACGTCCATCAGCACAGCCTACATGGANCTGAGCAGGCTGACATCTGACGACACGGCCATGTATTACTGTGTTAGAGATGCGCATNCCNGTGGCTGGATTGAGTACTGGGGCCNNNGAACCCTGGTCACCGTCTCCTCAG	HPAP041_rep1	0.0004301044942394201	0.03183533304455381	3.8799999999999946	1	HPAP041	HPAP041	T1D	20
18155182	HPAP041	IGHV1-2	IGHJ5	T			TGTGCGAGGTGGCAAACAGACGATCTTATTGAAAGGTACGACTCCTGG	48	CARWQTDDLIERYDSW	4	6	71	CAGGTGCAGCTGGTGCAGTCTGGGGCT---GAGGTGAAGAAGCCTGGGGCCTCAGTGAAGGTCTCCTGCAAGGCTTCTGGATACACCTTC------------ACCGGCTACTATATGCACTGGGTGCGACAGGCCCCTGGACAAGGGCTTGAGTGGATGGGATGGATCAACCCTAAC------AGTGGTGGCACAAACTATGCACAGAAGTTTCAG---GGCAGGGTCACCATGACCAGGGACACGTCCATCAGCACAGCCTACATGGAGCTGAGCAGGCTGAGATCTGACGACACGGCCGTGTATTAC------------------------------------------------GGCCAAGGAACCCTGGTCACCGTCTCCTCAG		0.9452	NNNNNNNNNNNNNNNNNNNNNNNNNNN---NNNNNNNNNNNNNNNNNNNNNNNNNNNNNNNNNNNNNNNNNNNNNNNNNNATACAGCTTC------------ACCGACTACTATATCCACTGGGTGCGACAGACCCCTGGACAAGGGCTTGAGTGGATGGGATGGATCAACACTAAC------AGTGGTGGCACAAACTATGAACAGAAGTTTCAG---GGCCGGGTCACCATGACCAGGGACACATCCATCAGTACAGCCTACATGGAGCTGAGCAGTCTGAGATCTGACGACACGGCCGTGTACTTCTGTGCGAGGTGGCAAACAGACGATCTTATTGAAAGGTACGACTCCTGGGGCCAGGGCACCCTGGTCACCGTCTCCTCAG	HPAP041_rep1	0.0005006134277212923	0.03705424010103804	5.479999999999996	1	HPAP041	HPAP041	T1D	9
18155723	HPAP041	IGHV1-46	IGHJ3	T			TGTGCTAGGGAAGGTACCCTTGATGCTTTTGATATCTGG	39	CAREGTLDAFDIW	4	6	65	CAGGTGCAGCTGGTGCAGTCTGGGGCT---GAGGTGAAGAAGCCTGGGGCCTCAGTGAAGGTTTCCTGCAAGGCATCTGGATACACCTTC------------ACCAGCTACTATATGCACTGGGTGCGACAGGCCCCTGGACAAGGGCTTGAGTGGATGGGAATAATCAACCCTAGT------GGTGGTAGCACAAGCTACGCACAGAAGTTCCAG---GGCAGAGTCACCATGACCAGGGACACGTCCACGAGCACAGTCTACATGGAGCTGAGCAGCCTGAGATCTGAGGACACGGCCGTGTATTAC---------------------------------------GGCCAAGGGACAATGGTCACCGTCTCTTCAG		0.9964	NNNNNNNNNNNNNNNNNNNNNNNNNNN---NNNNNNNNNNNNNNNNNNNNNNNNNNNNNNNNNNNNNNNNNNNNNNNNNNATACACCTTC------------ACCAGCTACTATATGCACTGGGTGCGACAGGCCCCTGGACAAGGGCTTGAGTGGATGGGAATAATCAACCCTAGT------GGTGGTAGCACAAGCTACGCACAGAAGTTCCAG---GGCAGAGTCACCATGACCAGGGACACGTCCACGAGCACAGTCTACATGGAGCTGAGCAGCCTGAGATCTGAGGACACGGCCGTGTATTACTGTGCTAGGGAAGGTACCCTTGATGCTTTTGATATCTGGGGCCAAGGGACAATGGTCANCGTCTCCTCAG	HPAP041_rep1	0.000458308067632169	0.0339228958671475	0.36000000000000476	1	HPAP041	HPAP041	T1D	12
18155820	HPAP041	IGHV1-46	IGHJ4	T			TGTGCTAGGCGGGATTTTGACTGGATACTTGACTACTGG	39	CARRDFDWILDYW	6	9	63	CAGGTGCAGCTGGTGCAGTCTGGGGCT---GAGGTGAAGAAGCCTGGGGCCTCAGTGAAGGTTTCCTGCAAGGCATCTGGATACACCTTC------------ACCAGCTACTATATGCACTGGGTGCGACAGGCCCCTGGACAAGGGCTTGAGTGGATGGGAATAATCAACCCTAGT------GGTGGTAGCACAAGCTACGCACAGAAGTTCCAG---GGCAGAGTCACCATGACCAGGGACACGTCCACGAGCACAGTCTACATGGAGCTGAGCAGCCTGAGATCTGAGGACACGGCCGTGTATTAC---------------------------------------GGCCAGGGAACCCTGGTCACCGTCTCCTCAG		0.9952	NNNNNNNNNNNNNNNNNNNNNNNNNNN---NNNNNNNNNNNNNNNNNNNNNNNNNNNNNNNNNNNNNNNNNNNNNNNNNNATACACCTTC------------ACCAGCTACTATATGAACTGGGTGCGACAGGCCCCTGGACAAGGGCTTGAGTGGATGGGAATAATCAACCCTAGT------GGTGGTAGCACAAGCTACGCACAGAAGTTCCAG---GGCAGAGTCACCATGACCAGGGACACGTCCACGAGCACAGTCTACATGGAGCTGAGCAGCCTGAGATCTGAGGACACGGCCGTGTATTACTGTGCTAGGCGGGATTTTGACTGGATACTTGACTACTGGGGCCAGGGAACCCTGNTCACCGTCTCCTCAG	HPAP041_rep1	0.0004442062809357946	0.03287911445585066	0.48000000000000265	1	HPAP041	HPAP041	T1D	18
18156189	HPAP041	IGHV1-58	IGHJ4	T			TGTGCGGCAGAGACATACAGCAGCGGCTGTTGCCACTTTGACTACTGG	48	CAAETYSSGCCHFDYW	6	10	85	CAAATGCAGCTGGTGCAGTCTGGGCCT---GAGGTGAAGAAGCCTGGGACCTCAGTGAAGGTCTCCTGCAAGGCTTCTGGATTCACCTTT------------ACTAGCTCTGCTGTGCAGTGGGTGCGACAGGCTCGTGGACAACGCCTTGAGTGGATAGGATGGATCGTCGTTGGC------AGTGGTAACACAAACTACGCACAGAAGTTCCAG---GAAAGAGTCACCATTACCAGGGACATGTCCACAAGCACAGCCTACATGGAGCTGAGCAGCCTGAGATCCGAGGACACGGCCGTGTATTAC------------------------------------------------GGCCAGGGAACCCTGGTCACCGTCTCCTCAG		0.9019	NNNNNNNNNNNNNNNNNNNNNNNNNNN---NNNNNNNNNNNNNNNNNNNNNNNNNNNNNNNNNNNNNNNNNNNNNNNNNNATTCAGCTTT------------AGGAGTTCTGCTGTACAGTGGGTGCGACAGGCTCGTGGACAAGGGCTTGAGTGGATAGGATGGATCACCGTTGGC------GGTAGTGAAACAAAGTACGCACAGAAGCTCCAG---GAAAGAGTCACCATTAGCAGGGACGACTCCACAAGCACAGCCTACATGGAACTGAGCAGCCTGGGATCCGAGGACACGGCCGTCTATTACTGTGCGGCAGAGACNTACAGCAGCGGCNGTTGCCNCTTTGACTACTGGGGCCCGGGAACCCTGGTCACCGTCTCCTCAG	HPAP041_rep1	0.0005993259345959133	0.044360709980115966	9.809999999999997	1	HPAP041	HPAP041	T1D	3
18156736	HPAP041	IGHV1-69	IGHJ6	T			TGTGCGAGGGAATCATTACGATTTATGGACGTCTGG	36	CARESLRFMDVW	4	5	65	CAGGTCCAGCTGGTGCAGTCTGGGGCT---GAGGTGAAGAAGCCTGGGTCCTCAGTGAAGGTCTCCTGCAAGGCTTCTGGAGGCACCTTC------------AGCAGCTATGCTATCAGCTGGGTGCGACAGGCCCCTGGACAAGGGCTTGAGTGGATGGGAGGGATCATCCCTATC------TTTGGTACAGCAAACTACGCACAGAAGTTCCAG---GGCAGAGTCACGATTACCGCGGACGAATCCACGAGCACAGCCTACATGGAGCTGAGCAGCCTGAGATCTGAGGACACGGCCGTGTATTAC------------------------------------GGCCAAGGGACCACGGTCACCGTCTCCTCAN		0.9996	NNNNNNNNNNNNNNNNNNNNNNNNNNN---NNNNNNNNNNNNNNNNNNNNNNNNNNNNNNNNNNNNNNNNNNNNNNNNNNAGGCACCTTC------------AGCAGCTATGCTATCAGCTGGGTGCGACAGGCCCCTGGACAAGGGCTTGAGTGGATGGGAGGGATCATCCCTATC------TTTGGTACAGCAAACTACGCACAGAAGTTCCAG---GGCAGAGTCACGATTACCGCGGACGAATCCACGAGCACAGCCTACATGGAGCTNAGCAGCCTGAGATCTGAGGACACGGCCGTGTATTACTGTGCGAGGGAATCATTACGNTTTATGGACGTCTGGGGCCAAGGGACCACGGTCACCGTCTCCTCAN	HPAP041_rep1	0.000458308067632169	0.0339228958671475	0.039999999999995595	1	HPAP041	HPAP041	T1D	14
18158202	HPAP041	IGHV3-13	IGHJ3	T			TGTGCAAGACTTTCTTCGGCTTCTTTTGATATCTGG	36	CARLSSASFDIW	5	9	77	GAGGTGCAGCTGGTGGAGTCTGGGGGA---GGCTTGGTACAGCCTGGGGGGTCCCTGAGACTCTCCTGTGCAGCCTCTGGATTCACCTTC------------AGTAGCTACGACATGCACTGGGTCCGCCAAGCTACAGGAAAAGGTCTGGAATGGGTCTCAGCTATTGGTACTGCT---------GGTGACACATACTATCCAGGCTCCGTGAAG---GGCCGATTCACCATCTCCAGAGAAAATGCCAAGAACTCCTTGTATCTTCAAATGAACAGCCTGAGAGCCGGGGACACGGCTGTGTATTAC------------------------------------GGCCAAGGGACAATGGTCACCGTCTCTTCAG		0.9911	NNNNNNNNNNNNNNNNNNNNNNNNNNN---NNNNNNNNNNNNNNNNNNNNNNNNNNNNNNNNNNNNNNNNNNNNNNNNNNATTCACCTTC------------AGTAGGTCCGACATGCACTGGGTCCGCCAAGCTACAGGAAAAGGTCTGGAATGGGTCTCAGCTATTGGTACTGCT---------GGTGACACATACTATCNAGGCTCCGTGAAG---GGCCGATTCACCATCTCCAGAGAAAATGCCAAGAACTCCTTGTATCTTCAAATGAACAGCCTGAGAGCCGGGGACACGGCTGNGTATTACTGTGCAAGACTTTCTTCGGCTTCTTTTGATATCTGGGGCCAAGGGACAATGGTCACCGTCTCCTCAG	HPAP041_rep1	0.0005429187878104156	0.04018558433492858	0.8900000000000019	1	HPAP041	HPAP041	T1D	7
18161903	HPAP041	IGHV3-23|3-23D	IGHJ4	T			TGTGCGAAAGGTTCTAGCAGCAGCAGGCCGTACTACTTTGACTACTGG	48	CAKGSSSSRPYYFDYW	67	71	361	GAGGTGCAGCTGTTGGAGTCTGGGGGA---GGCTTGGTACAGCCTGGGGGGTCCCTGAGACTCTCCTGTGCAGCCTCTGGATTCACCTTT------------AGCAGCTATGCCATGAGCTGGGTCCGCCAGGCTCCAGGGAAGGGGCTGGAGTGGGTCTCAGCTATTAGTGGTAGT------GGTGGTAGCACATACTACGCAGACTCCGTGAAG---GGCCGGTTCACCATCTCCAGAGACAATTCCAAGAACACGCTGTATCTGCAAATGAACAGCCTGAGAGCCGAGGACACGGCCGTATATTAC------------------------------------------------GGCCAGGGAACCCTGGTCACCGTCTCCTCAG		0.928	NNNNNNNNNNNNNNNNNNNNNNNNNNN---NNNNNNNNNNNNNNNNNNNNNNNNNNNNNNNNNNNNNNNNNNNNNNNNNNATTCACCTTT------------AGCGACTATGCCATGAGCTGGGTCCGCCAGAGTCCAAGGAAGGGACTGGACTGGGTCTCAGCAATTACTGGTAGT------GGTGGTGATACATACCACGCAGACTCCGTGAAG---GGCCGGTTCACCATCTCCAGAGACAATTCGAAGANCACGCTGTANCTACAAATGGACAGCCTGAGAGCCGAGGACACGGCCGTATATTACTGTGCGAAAGGTTCTAGCAACAGCAGGCCGTACTACTTTGACTACTGGGGCCAGGGNATCCTGGTCACCGTCTCCTCAG	HPAP041_rep1	0.0025453724986955846	0.18840254473908075	7.199999999999996	1	HPAP041	HPAP041	T1D	1
18164330	HPAP041	IGHV3-48	IGHJ6	F			TGTGCAAACTCTAGTAGTACGAAATGGACGTCTGG	35	CANSSSTKWTS	6	10	62	GAGGTGCAGCTGGTGGAGTCTGGGGGA---GGCTTGGTACAGCCTGGGGGGTCCCTGAGACTCTCCTGTGCAGCCTCTGGATTCACCTTC------------AGTAGCTATAGCATGAACTGGGTCCGCCAGGCTCCAGGGAAGGGGCTGGAGTGGGTTTCATACATTAGTAGTAGT------AGTAGTACCATATACTACGCAGACTCTGTGAAG---GGCCGATTCACCATCTCCAGAGACAATGCCAAGAACTCACTGTATCTGCAAATGAACAGCCTGAGAGCCGAGGACACGGCTGTGTATTAC-----------------------------------GGCCAAGGGACCACGGTCACCGTCTCCTCAN		0.8699	NNNNNNNNNNNNNNNNNNNNNNNNNNN---NNNNNNNNNNNNNNNNNNNNNNNNNNNNNNNNNNNNNNNNNNNNNNNNNNATTCACCCTC------------AGTAGATATAACATGAACTGGGTCCGCCAGGCTCCAGGGAAGGGGCTGGAGTGGACTTCATTCTT-------------------------------CATGGAGACTCTGCGAAG---GGCCGATTCACCGTCTCCANAGACAATCCCAAGNACTCACTGCGGCTGCAAATGANCAGCCTGCGAGCCGAGNACACGGCTGTGCATTCTTGTGCAAACTCTAGTAGTACGAAATGGACGTCTGGGGCCAAGGGACNACGGTCACCGTCTCCTCAN	HPAP041_rep1	0.00043715538758760735	0.03235722375020223	13.01	1	HPAP041	HPAP041	T1D	19
18167063	HPAP041	IGHV4-34	IGHJ4	F			TGACTACTGG	10	*LL	3	7	78	CAGGTGCAGCTACAGCAGTGGGGCGCA---GGACTGTTGAAGCCTTCGGAGACCCTGTCCCTCACCTGCGCTGTCTATGGTGGGTCCTTC------------AGTGGTTACTACTGGAGCTGGATCCGCCAGCCCCCAGGGAAGGGGCTGGAGTGGATTGGGGAAATCAACCATAGT---------GGAAGCACCAACTACAACCCGTCCCTCAAG---AGTCGAGTCACCATATCAGTAGACACGTCCAAGAACCAGTTCTCCCTGAAGCTGAGCTCTGTGACCGCCGCNNNNNNNNNNNTAATAGTT----------GGCCAGGGAACCCTGGTCACCGTCTCCTCAG		0.8992	NNNNNNNNNNNNNNNNNNNNNNNNNNN---NNNNNNNNNNNNNNNNNNNNNNNNNNNNNNNNNNNNNNNNNNNNNNNNNNTGGGTCTTTC------------AGTGGTTAGTATTGGAGGTGGATCCGCCAGCCCCCAGGAAAGGGGCTGGCGTGGATTGGGAAAATCAACCATAGT---------AGAAGCACCAACTACAGTCCGTCCCTCAAG---AGTCGAATCACCATCTCAGTAGACATGTCCAAGAATCGCTTCTCCCTGAAGCTGAACTCTGTGACCGCCGCCAACGCCGTCTTAATAGTTTGACTACTGGGGCCAGGGAATCCTGGTCACCGTCTCCTCAG	HPAP041_rep1	0.0005499696811586028	0.040707475040577	10.08	1	HPAP041	HPAP041	T1D	5
18167124	HPAP041	IGHV4-34	IGHJ4	T			TGTTCAAATATGATTCGGGGAATTGACTACTGG	33	CSNMIRGIDYW	4	5	80	CAGGTGCAGCTACAGCAGTGGGGCGCA---GGACTGTTGAAGCCTTCGGAGACCCTGTCCCTCACCTGCGCTGTCTATGGTGGGTCCTTC------------AGTGGTTACTACTGGAGCTGGATCCGCCAGCCCCCAGGGAAGGGGCTGGAGTGGATTGGGGAAATCAATCATAGT---------GGAAGCACCAACTACAACCCGTCCCTCAAG---AGTCGAGTCACCATATCAGTAGACACGTCCAAGAACCAGTTCTCCCTGAAGCTGAGCTCTGTGACCGCCGCGGACACGGCTGTGTATTAC---------------------------------GGCCAAGGAACCCTGGTCACCGTCTCCTCAG		0.9033	NNNNNNNNNNNNNNNNNNNNNNNNNNN---NNNNNNNNNNNNNNNNNNNNNNNNNNNNNNNNNNNNNNNNNNNNNNNNNNTCGGTCCTNN------------AGTGATTACTCCTGGAACTGGATCCGCCAGCCCCCAGGGAAGGGGCTGGAGTGNATTGGACAAATCGATCAGAAT---------GGAAGAACCAACTATAACCCGTCNCTCAGG---AGTCGAGTCACCATATCGGCAGACACGTCCAACAACCAGTTCTCCCTTAAGGTGACCTCTATGACCGCCGCGGACACGGCTGTCTATNACTGTTCAAATATGATTCGGGGAATTGACTACTGGGGCCTCGGAGCCCTGGTCACCGTCTCCTCAG	HPAP041_rep1	0.0005640714678549772	0.04175125645187385	9.670000000000002	1	HPAP041	HPAP041	T1D	4
18169763	HPAP041	IGHV4-59	IGHJ4	T			TGTGCGAGGGCAAACTACTTTGACTACTGG	30	CARANYFDYW	14	18	71	CAGGTGCAGCTGCAGGAGTCGGGCCCA---GGACTGGTGAAGCCTTCGGAGACCCTGTCCCTCACCTGCACTGTCTCTGGTGGCTCCATC------------AGTAGTTACTACTGGAGCTGGATCCGGCAGCCCCCAGGGAAGGGACTGGAGTGGATTGGGTATATCTATTACAGT---------GGGAGCACCAACTACAACCCCTCCCTCAAG---AGTCGAGTCACCATATCAGTAGACACGTCCAAGAACCAGTTCTCCCTGAAGCTGAGCTCTGTGACCGCTGCGGACACGGCCGTGTATTAC------------------------------GGCCAGGGAACCCTGGTCACCGTCTCCTCAG		0.9559	NNNNNNNNNNNNNNNNNNNNNNNNNNN---NNNNNNNNNNNNNNNNNNNNNNNNNNNNNNNNNNNNNNNNNNNNNNNNNNTGGCTCCATC------------AGGAATCACTACTGGAGCTGGATCCGGCAGCCCCCAGGGAAGAGACTGGAATGGATTGGGGATATCTATTACAGC---------GGGAGCACCAATTACAACCCCTCCCTCAAG---AGCCGAGTCACCATATCAGTAGACAGGTCCAAGAACCANTTCTCCCTGAGGCTGGCCTCTGTGACCGCTGCTGACACGGCCGTTTATTACTGTGCGAGGGCAAACTACTTTGACTACTGGGGCCAGGGAGCCCTGGTCACCGTCTCCTCAG	HPAP041_rep1	0.0005006134277212923	0.03705424010103804	4.410000000000003	1	HPAP041	HPAP041	T1D	10
18170026	HPAP041	IGHV4-59	IGHJ4	T			TGTGTGGGGGAGCCGTCCGGGTCCTTCCGATTTGACTACTGG	42	CVGEPSGSFRFDYW	6	7	65	CAGGTGCAGCTGCAGGAGTCGGGCCCA---GGACTGGTGAAGCCTTCGGAGACCCTGTCCCTCACCTGCACTGTCTCTGGTGGCTCCGTC------------AGTAGTTACTACTGGAGCTGGATCCGGCAGCCCCCAGGGAAGGGACTGGAGTGGATTGGGTATATCTATTACAGT---------GGGAGCACCAACTACAACCCCTCCCTCAAG---AGTCGAGTCACCATATCAGTAGACACGTCCAAGAACCAGTTCTCCCTGAAGCTGAGCTCTGTGACCGCTGCGGACACGGCCGTGTATTAC------------------------------------------GGCCAGGGAACCCTGGTCACCGTCTCCTCAG		0.8603	NNNNNNNNNNNNNNNNNNNNNNNNNNN---NNNNNNNNNNNNNNNNNNNNNNNNNNNNNNNNNNNNNNNNNNNNNNNNNNTGGATCCGTC------------GAGACTTACGACTGGAGTTGGNTTCGGCTGCCCCCAGGGAGGGGNCTGGAGTGGATTGGGTATGTCTATAACAGT---------GGGTCCAGCACCTACAACCCCTCCCTCAAG---AGTCGACTCACCTTATCGATTGACACGTCCAAGAACCAGGTTTCCCTGAGGCTGAACTCTGTGACCACTGCAGACNCGGCCGTATATTACTGTGTGGGGGNGCCGTCCGGGTCCTTCCGATTTNACTACTGGGGCCAGGGAANCCTGGTCACCGTCTCCTCAG	HPAP041_rep1	0.000458308067632169	0.0339228958671475	13.970000000000004	1	HPAP041	HPAP041	T1D	13
18171920	HPAP041	IGHV6-1	IGHJ4	F			TGTACAAGAGTACTATAGTGGCTACTGCCTACTGG	35	CTRVL*WLLPT	3	5	63	CAGGTACAGCTGCAGCAGTCAGGTCCA---GGACTGGTGAAGCCCTCGCAGACCCTCTCACTCACCTGTGCCATCTCCGGGGACAGTGTCTCT------AGCAACAGTGCTGCTTGGAACTGGATCAGGCAGTCCCCATCGAGAGGCCTTGAGTGGCTGGGAAGGACATACTACAGGTCC---AAGTGGTATAATGATTATGCAGTATCTGTGAAA---AGTCGAATAACCATCAACCCAGACACATCCAAGAACCAGTTCTCCCTGCAGCTGAACTCTGTGACTCCCGAGGACACGGCTGTGTATTAC-----------------------------------GGCCAGGGAACCCTGGTCACCGTCTCCTCAG		0.9511	NNNNNNNNNNNNNNNNNNNNNNNNNNN---NNNNNNNNNNNNNNNNNNNNNNNNNNNNNNNNNNNNNNNNNNNNNNNNNNGGNCAGTGTCTCT------AGCAACAGTGGTGCTTGGAACTGGATCAGGCAGTCCCCATCGAGAGGCCTTGAGTGGCTGGGAAGGACATACTGCTGGTCC---AAGTGCTATAATGATTATGCAGTATCTGTGAAA---AGTCGAGTAACCATGAAATCAGACACATCCAAGAACCACTTCTCCCTGCAGCNGAACTCTGTGACTCCCGAGGACACGGCTGTGTATTAGTGTACAAGAGTACTATAGNGGCNACTGCCTACTGGGGCCAGGGAACCCTGGTCACCGTCTCCTCAG	HPAP041_rep1	0.0004442062809357946	0.03287911445585066	4.890000000000006	1	HPAP041	HPAP041	T1D	17
18172023	HPAP041	IGHV6-1	IGHJ4	T			TGTGCAAGAGAGGGGATTAACTACTTTGACCACTGG	36	CAREGINYFDHW	11	14	93	CAGGTACAGCTGCAGCAGTCAGGTCCA---GGACTGGTGAAGCCCTCGCAGACCCTCTCACTCACCTGTGCCATCTCCGGGGACAGTGTCTCT------AGCAACAGTGCTGCTTGGAACTGGATCAGGCAGTCCCCATCGAGAGGCCTTGAGTGGCTGGGAAGGACATACTACAGGTCC---AAGTGGTATAATGATTATGCAGTATCTGTGAAA---AGTCGAATAACCATCAACCCAGACACATCCAAGAACCAGTTCTCCCTGCAGCTGAACTCTGTGACTCCCGAGGACACGGCTGTGTATTAC------------------------------------GGCCAGGGAACCCTGGTCACCGTCTCCTCAG		0.9677	NNNNNNNNNNNNNNNNNNNNNNNNNNN---NNNNNNNNNNNNNNNNNNNNNNNNNNNNNNNNNNNNNNNNNNNNNNNNNNGGACAGTGTCTCT------ACCAACAGTGCTGCTTGGAACTGGATCAGGCAGTCCCCATCGAGAGGCCTTGAGTGGCTGGGAAGGACATACTACAGGTCC---AAGTGGTATTTTGGATATGCAATATCTGTGAAA---AGTCGAATAACCATCCACCCAGACACATCCAAGAACCAGTTCTCCCTGCAGCTGAACTCTGTGACTCCCGACGACACGGCTGTGTATTACTGTGCAAGAGAGGGGATTAACTACTTTGACCACTGGGGCCAGGGAAGCCTGGTCACCGTCTCCTCAG	HPAP041_rep1	0.000655733081381411	0.04853583562530335	3.2299999999999995	1	HPAP041	HPAP041	T1D	2
